Food,Calories,Fat,Protein,Carbohydrate,Category
nectarine,66,0.5,1.6,15.8,fruit
kiwifruit gold,51,0.2,0.8,12.8,fruit
prickly pear raw,8,0.072,0.001,1.9,fruit
pineapple,45,0.1,0.5,11.8,fruit
muscadine grapes,3,0.056,0.014,0.8,fruit
tangerine,40,0.2,0.6,10.1,fruit
prunes,237,0.5,2.6,62.3,fruit
banana,134,0.5,1.6,34.3,fruit
raspberries,5,0.034,0.1,1.2,fruit
apricot,17,0.1,0.5,3.9,fruit
strawberry guava,4,0.008,0.01,1,fruit
kiwifruit green,42,0.4,0.8,10.1,fruit
figs,37,0.2,0.4,9.6,fruit
clementine,35,0.1,0.6,8.9,fruit
orange,86,0.2,1.7,21.6,fruit
bartlett pear,112,0.3,0.7,26.6,fruit
mulberries,6,0.049,0.2,1.5,fruit
java plum,2,0.029,0.034,0.5,fruit
prune puree,46,0.02,0.4,11.7,fruit
applesauce,102,0.2,0.4,27.5,fruit
blackberries raw,62,0.7,2,13.8,fruit
plum,30,0.2,0.5,7.5,fruit
american grapes,2,0.087,0.035,0.4,fruit
peach,59,0.4,1.4,14.3,fruit
honeydew melon,64,0.2,1,16.1,fruit
lemons,17,0.2,0.6,5.4,fruit
lime,20,0.1,0.5,7.1,fruit
pomegranate,117,1.6,2.4,26.4,fruit
gooseberries,66,0.9,1.3,15.3,fruit
asian pear,51,0.3,0.6,13,fruit
horned melon kiwano,92,2.6,3.7,15.8,fruit
grapefruit,53,0.2,1,13.3,fruit
japanese persimmon,118,0.3,1,31.2,fruit
pink lady apple,18,0.1,0.1,3.9,fruit
maraschino cherries,8,0.083,0.06,2.1,fruit
crab apple,84,0.3,0.4,21.9,fruit
apple,95,0.3,0.5,25.1,fruit
cantaloupe melon,60,0.3,1.5,14.4,fruit
prickly pear cooked,7,0.043,0.091,1.6,fruit
guava,37,0.5,1.4,7.9,fruit
strawberries,4,0.069,0.01,0.9,fruit
japanese persimmon dried,93,0.2,0.5,25,fruit
watermelon,86,0.4,1.7,21.6,fruit
elderberries,106,0.7,1,26.7,fruit
kumquat,13,0.2,0.4,3,fruit
breadfruit,227,0.5,2.4,59.7,fruit
pear,101,0.2,0.6,27.1,fruit
sour cherries,52,0.3,1,12.5,fruit
plantain raw,218,0.6,2.3,57.1,fruit
blackberries frozen,97,0.6,1.8,23.7,fruit
cherries,5,0.056,0.068,1.3,fruit
carambola starfruit,26,0.3,0.9,5.7,fruit
chayote cooked,35,0.8,1,7.2,fruit
white grapefruit,78,0.2,1.6,19.8,fruit
cherimoya,176,1.6,3.7,41.6,fruit
melon balls,57,0.4,1.5,13.7,fruit
golden delicious apple,62,0.2,0.3,14.8,fruit
quince,52,0.012,0.4,14.1,fruit
mango,202,1.3,2.8,50.3,fruit
wild plum,147,0.3,0.7,35.3,fruit
groundcherries,74,1,2.7,15.7,fruit
persimmon,32,0.1,0.2,8.4,fruit
grapes,3,0.044,0.045,0.9,fruit
figs canned,14,0.039,0.1,3.8,fruit
prunes canned,246,0.5,2,65.1,fruit
pineapples canned,28,0.05,0.2,7.4,fruit
prune plums canned,27,0.075,0.2,7,fruit
tangerines canned,92,0.1,1.5,23.8,fruit
fruit cocktail canned,109,0.053,1.1,28.1,fruit
sour cherries canned,189,0.3,1.9,48.6,fruit
mangosteen canned,143,1.1,0.8,35.1,fruit
strawberries canned,234,0.7,1.4,59.8,fruit
peach canned,110,0.094,1.6,28.9,fruit
fruit salad canned,125,0.008,1.3,32.5,fruit
gooseberries canned,184,0.5,1.6,47.3,fruit
grapefruit canned,88,0.2,1.4,22.3,fruit
pear canned,38,0.001,0.3,9.8,fruit
raspberries canned,233,0.3,2.1,59.8,fruit
papaya canned,80,0.2,0.001,21.8,fruit
grapes canned,98,0.3,1.2,25.2,fruit
apple dried,145,0.2,0.6,39.1,fruit
peach dried,199,0.6,3,50.8,fruit
pear dried,94,0.2,0.7,25.1,fruit
raisins,90,0.056,1,23.8,fruit
prune plums dried,308,0.5,2.7,81.5,fruit
cranberries dried,370,1.6,0.053,98.8,fruit
figs dried,21,0.008,0.3,5.4,fruit
jackfruit,33,0.2,0.6,8.1,fruit
coconut whole coconut,3336,71.5,0,0,fruit
prickly pear,42,0.5,0.8,9.9,fruit
lychee,6,0.016,0.024,1.6,fruit
naranjilla lulo pulp,30,0.3,0.5,7.1,fruit
coconut meat dried,187,18.3,1.9,6.7,fruit
passion fruit,17,0.1,0.4,4.2,fruit
coconut meat,1405,133,13.2,60.5,fruit
soursop,149,0.7,2.3,37.9,fruit
papaya,62,0.4,0.7,15.7,fruit
acerola cherry,2,0.052,0.079,0.4,fruit
casaba melon,48,0.2,1.9,11.2,fruit
durian,51,1.9,0.5,9.5,fruit
sprouted soybean raw,85,4.7,9.2,6.7,vegetable
soybean raw,830,37.1,67.9,56.1,vegetable
tempeh cooked,55,3.2,5.1,2.6,vegetable
natto,169,8.8,14.2,11.5,vegetable
gourd cooked,100,0.6,1.2,25.5,vegetable
cauliflower raw,3,0.081,0.2,0.6,vegetable
red cabbage raw,53,0.3,2.4,12.5,vegetable
broccoli raab raw,9,0.2,1.3,1.1,vegetable
napa cabbage cooked,13,0.2,1.2,2.4,vegetable
shallots raw,18,0.061,0.6,4.2,vegetable
bamboo shoots raw,49,0.5,4.7,9.4,vegetable
red lettuce,4,0.08,0.4,0.6,vegetable
broccoli cooked,98,1.1,6.7,20.1,vegetable
eggplant raw,115,0.8,4.5,26.9,vegetable
leeks raw,54,0.3,1.3,12.6,vegetable
celery cooked,7,0.098,0.3,1.5,vegetable
serrano pepper,2,0.075,0.1,0.4,vegetable
nopales raw,14,0.063,1.1,2.9,vegetable
eggplant cooked,33,0.2,0.8,8.1,vegetable
asparagus cooked,3,0.074,0.4,0.6,vegetable
oriental radish dried,314,0.8,9.2,73.5,vegetable
tomatillos,42,1.3,1.3,7.7,vegetable
taro shoots raw,9,0.069,0.8,2,vegetable
acorn squash raw,172,0.4,3.4,44.9,vegetable
leeks dried,10,0.026,0.5,2.4,vegetable
cabbage raw,70,0.3,3.6,16.2,vegetable
sweet red peppers cooked,19,0.1,0.7,4.5,vegetable
sweet red peppers raw,46,0.4,1.5,9,vegetable
cucumber peeled,16,0.2,0.8,2.9,vegetable
tomato cooked,22,0.1,1.2,4.9,vegetable
taro shoots cooked,20,0.1,1,4.5,vegetable
scots kale raw,28,0.4,1.9,5.6,vegetable
artichoke raw,60,0.2,4.2,13.5,vegetable
oriental radish cooked,25,0.4,1,5,vegetable
red cabbage cooked,49,0.2,2.6,11.8,vegetable
mountain yam cooked,119,0.1,2.5,29,vegetable
japanese cabbage,45,0.2,2.4,8.5,vegetable
mung bean sprouts cooked,24,0.1,2.5,4.5,vegetable
scallop squash cooked,29,0.3,1.9,5.9,vegetable
sweet potato baked,103,0.2,2.3,23.6,vegetable
chinese cabbage pe tsai raw,12,0.2,0.9,2.5,vegetable
taro raw,116,0.2,1.6,27.5,vegetable
yam bean jicama,49,0.1,0.9,11.5,vegetable
olives,10,0.9,0.09,0.5,vegetable
tahitian taro raw,55,1.2,3.5,8.6,vegetable
broccoli raw,31,0.3,2.6,6,vegetable
sweet green peppers raw,30,0.3,1.3,6.9,vegetable
chinese cabbage pak choi cooked,20,0.3,2.7,3,vegetable
okra,4,0.082,0.2,0.9,vegetable
beets raw,58,0.2,2.2,13,vegetable
baby zucchini,2,0.089,0.3,0.3,vegetable
onion raw,16,0.048,0.4,3.7,vegetable
romanesco cooked,39,0.4,3.7,7.7,vegetable
yam cooked,158,0.2,2,37.4,vegetable
corn dried,119,3,4.1,18.8,vegetable
cucumber,23,0.2,1,5.4,vegetable
arrowroot,78,0.2,5.1,16.1,vegetable
bamboo shoots cooked,14,0.3,1.8,2.3,vegetable
summer squash raw,42,0.5,3.1,8.7,vegetable
sweet potato raw,112,0.002,2,26.2,vegetable
beet greens raw,8,0.078,0.8,1.6,vegetable
radicchio,15,0.2,0.9,2.9,vegetable
spinach raw,7,0.1,0.9,1.1,vegetable
kale raw,7,0.3,0.6,0.9,vegetable
carrots raw,25,0.1,0.6,5.8,vegetable
red chili peppers,18,0.2,0.8,4,vegetable
brussels sprouts cooked,8,0.1,0.5,1.5,vegetable
carrots cooked,16,0.092,0.3,3.8,vegetable
lotus root cooked,6,0.056,0.1,1.4,vegetable
split peas raw,672,2.3,48.4,118.9,vegetable
corn cooked,99,1.5,3.5,21.6,vegetable
radish raw,1,0.026,0.042,0.2,vegetable
baby carrots,5,0.053,0.031,1.2,vegetable
sweet yellow peppers,50,0.4,1.9,11.8,vegetable
kale cooked,42,1.4,3.5,6.3,vegetable
gourd raw,19,0.2,1.1,4.1,vegetable
butternut squash cooked,80,0.2,1.8,21,vegetable
romaine lettuce,8,0.1,0.6,1.5,vegetable
yam raw,177,0.3,2.3,41.8,vegetable
celery raw,6,0.045,0.3,1.2,vegetable
zucchini raw,44,0.8,3.1,8.1,vegetable
okra cooked,35,0.3,3,7.2,vegetable
white icicle radish,14,0.1,1.1,2.6,vegetable
orange tomato,18,0.2,1.3,3.5,vegetable
avocado,432,39.6,5.4,23,vegetable
peas cooked,134,0.4,8.6,25,vegetable
beets cooked,22,0.085,0.8,5,vegetable
green lettuce,23,0.2,2,4.3,vegetable
zucchini cooked,27,0.6,2.1,4.8,vegetable
lotus root raw,85,0.1,3,19.8,vegetable
banana pepper,9,0.1,0.5,1.8,vegetable
shiitake mushrooms cooked,10,0.007,0.3,2.6,vegetable
shiitake mushrooms raw,6,0.039,0.4,1.3,vegetable
crimini mushrooms,1,0.018,0.2,0.3,vegetable
mushrooms raw,15,0.2,2.2,2.3,vegetable
portabella mushrooms grilled,35,0.7,4,5.4,vegetable
maitake mushrooms,0,0.017,0.016,0.072,vegetable
truffles,61,4.1,0.7,5.4,vegetable
enoki mushrooms,1,0.099,0.062,0.2,vegetable
morel mushrooms,4,0.07,0.4,0.7,vegetable
portabella mushrooms raw,19,0.3,1.8,3.3,vegetable
haddock cooked,135,0.8,30,0,meat
burbot cooked,104,0.9,22.3,0,meat
whitefish cooked,265,11.6,37.7,0,meat
snapper cooked,218,2.9,44.7,0,meat
herring raw,291,16.6,33,0,meat
cod cooked,189,1.5,41.1,0,meat
tilapia raw,111,2,23.3,0,meat
whiting cooked,84,1.2,16.9,0,meat
salmon cooked,733,44,78.7,0,meat
trout cooked,118,5.3,16.5,0,meat
halibut cooked,353,5.1,71.7,0,meat
snapper raw,218,2.9,44.7,0,meat
flounder raw,114,3.1,20.2,0,meat
mackerel cooked,231,15.7,21,0,meat
bluefin tuna cooked,276,9.4,44.9,0,meat
pink salmon cooked,349,12,56,0,meat
crayfish cooked,25,0.4,5,0,meat
eel raw,375,23.8,37.6,0,meat
sardine canned in oil,310,17.1,36.7,0,meat
sardines in tomato sauce canned,165,9.3,18.6,0.5,meat
tuna canned,102,2.4,18.9,0,meat
cod canned,328,2.7,71,0,meat
alaska king crab raw,144,1,31.5,0,meat
scallops fried,64,3.2,2.6,6.4,meat
shrimp cooked,7,0.092,1.3,0.013,meat
spiny lobster cooked,233,3.2,43,5.1,meat
shrimp fried,52,3.2,1.3,4.8,meat
lobster cooked,134,1.3,28.5,0,meat
oyster fried,61,3,2.1,6.7,meat
chinook salmon smoked,159,5.9,24.9,0,meat
bacon,106,10.2,3.3,0.2,meat
lamb rib cooked,915,76,53.9,0,meat
chicken nuggets,61,4.1,3.2,3,meat
ground lamb cooked,886,61.5,77.5,0,meat
lamb meat cooked,678,45,63.8,0,meat
lamb loin cooked,202,14.8,16.1,0,meat
chicken patty,172,11.7,8.9,7.7,meat
lamb shank roasted,605,33.5,71,0,meat
lamb sirloin cooked,765,54.2,64.5,0,meat
lamb foreshank cooked,360,19.9,42,0,meat
lamb shoulder cooked,750,53.5,62.5,0,meat
mutton cooked,66,3.1,9.5,0.027,meat
lamb leg cooked,684,43.7,67.7,0,meat
veal sirloin cooked,517,26.9,64.1,0,meat
veal rib cooked,444,22.2,57.4,0,meat
veal meat cooked,483,23.8,62.9,0,meat
ground beef cooked,375,24.8,35.5,0,meat
ground veal raw,41,1.9,5.5,0,meat
t bone steak cooked,1049,74.1,89.3,0,meat
ground veal cooked,514,22.6,72.9,0,meat
veal leg round cooked,574,17.2,98.4,0,meat
veal breast cooked,753,47.5,76.3,0,meat
rib eye steak grilled,680,47.7,62.4,0,meat
beef brisket cooked,589,43.6,46,0,meat
beef mince meat asda,55,3.1,0,6.8,meat
veal shank cooked,371,12,61.2,0,meat
pastrami beef,104,4.1,15.5,0.3,meat
beef top sirloin steak cooked,430,25.2,47.7,0,meat
beef jerky,82,5.1,6.6,2.2,meat
turkey pastrami,38,1.8,4.6,0.5,meat
pork salami,41,3.4,2.3,0.2,meat
pork beef salami,37,3.1,2.1,0.076,meat
beef pork bologna,92,7.4,4.6,1.6,meat
mortadella,47,3.8,2.5,0.5,meat
pork bologna,69,5.6,4.3,0.2,meat
turkey salami cooked,9,0.5,1,0.081,meat
pepperoni beef,10,0.9,0.5,0,meat
turkey ham,38,1.6,5.5,0.3,meat
turkey bacon cooked,313,22.9,24.3,2.5,meat
sliced turkey breast,17,0.6,2.4,0.4,meat
beef tripe cooked,80,3.4,10,1.7,meat
beef tongue cooked,80,6.3,5.5,0,meat
chicken heart cooked,268,11.5,38.3,0.1,meat
ham,46,2.5,4.6,1,meat
pork meat cooked,283,14.1,14.1,0,meat
pork spareribs cooked,703,53.6,51.4,0,meat
ham patties,205,18.3,8.3,1.1,meat
ground pork cooked,930,65,80.4,0,meat
pork breakfast strips cooked,52,4.1,3.3,0.1,meat
pork centre rib roasts roasted,1942,114.9,211.3,0,meat
minced ham,55,4.3,3.4,0.4,meat
ham roasted,316,21.3,28.7,0.6,meat
pork shoulder cooked,394,28.9,31.4,0,meat
pork country style ribs cooked,235,15.2,22.8,0,meat
pork tenderloin cooked,153,6.2,22.7,0,meat
pork loin cooked,213,12.1,24.2,0,meat
ham patties grilled,205,18.5,8,1,meat
ground turkey raw,169,8.7,22.4,0,meat
chicken wing cooked,52,3.5,4.8,0,meat
turkey roast roasted,209,7.8,28.8,4.1,meat
chicken neck cooked,94,6.9,7.5,0,meat
quail egg,14,1,1.2,0.08,meat
duck meat cooked,472,39.7,26.6,0,meat
chicken wing roasted,216,14.3,20.2,0,meat
chicken breast cooked,114,4.5,17.3,0,meat
duck egg,130,9.6,9,1,meat
egg white raw,17,0.063,3.6,0.2,meat
egg raw,80,5.3,7,0.4,meat
egg yolk raw,55,4.5,2.7,0.6,meat
egg boiled,93,6.4,7.5,0.7,meat
egg fried,90,6.8,6.3,0.4,meat
fava beans cooked,187,0.7,12.9,33.4,grains
french beans raw,631,3.7,34.6,118,grains
chickpeas canned,352,7,17.8,57,grains
yellow beans cooked,255,1.9,16.2,44.7,grains
mung beans cooked,212,0.8,14.2,38.7,grains
white beans canned,299,0.8,19,55.5,grains
pink beans cooked,252,0.8,15.3,47.2,grains
pink beans raw,720,2.4,44,134.8,grains
navy beans raw,701,3.1,46.4,126.4,grains
snap beans cooked,44,0.4,2.4,9.9,grains
black eyed cowpeas raw,131,0.5,4.3,27.3,grains
edamame cooked,189,8.1,18.5,13.8,grains
black eyed cowpeas cooked,160,0.6,5.2,33.5,grains
hyacinth beans cooked,227,1.1,15.8,40.2,grains
cowpeas canned,185,1.3,11.4,32.7,grains
pinto beans cooked,245,1.1,15.4,44.8,grains
winged beans cooked,253,10,18.3,25.7,grains
pinto beans raw,670,2.4,41.3,120.7,grains
black turtle beans raw,624,1.7,39.1,116.4,grains
fava beans raw,512,2.3,39.2,87.4,grains
lima beans canned,190,0.4,11.9,35.9,grains
hyacinth beans raw,722,3.5,50.2,127.6,grains
white beans raw,673,1.7,47.2,121.7,grains
snap beans canned,66,0.4,3.5,15.4,grains
navy beans canned,296,1.1,19.7,53.6,grains
mung beans raw,718,2.4,49.4,129.6,grains
adzuki beans raw,648,1,39.1,123.9,grains
black turtle beans cooked,241,0.6,15.1,45,grains
pink lentils raw,662,4.2,47.9,113.6,grains
yellow beans raw,676,5.1,43.1,119,grains
white beans cooked,249,0.6,17.4,44.9,grains
lentils raw,678,2,49.5,115.4,grains
cranberry beans cooked,241,0.8,16.5,43.3,grains
chickpeas raw,728,12.1,38.6,121.3,grains
lentils cooked,230,0.8,17.9,39.9,grains
baked beans canned,239,0.9,12.1,53.7,grains
cranberry beans canned,216,0.7,14.4,39.3,grains
black beans cooked,227,0.9,15.2,40.8,grains
lima beans cooked,216,0.7,14.7,39.3,grains
mungo beans raw,706,3.4,52.2,122.1,grains
pigeon peas raw,703,3.1,44.5,128.7,grains
fava beans canned,182,0.6,14,31.8,grains
yellow snap beans raw,31,0.1,1.8,7.1,grains
snap beans raw,31,0.2,1.8,7,grains
yellow snap beans canned,36,0.2,1.9,8.4,grains
pigeon peas cooked,203,0.6,11.4,39.1,grains
catjang cowpeas raw,573,3.5,39.8,99.6,grains
navy beans cooked,255,1.1,15,47.4,grains
mothbeans raw,672,3.2,45,120.6,grains
cowpeas cooked,81,0.4,5.4,14.5,grains
mothbeans cooked,207,1,13.8,37.1,grains
french beans cooked,228,1.3,12.5,42.5,grains
lima beans raw,602,1.2,38.2,112.8,grains
winged beans raw,744,29.7,54,75.9,grains
adzuki beans cooked,294,0.2,17.3,57,grains
black beans raw,662,2.8,41.9,121,grains
catjang cowpeas cooked,200,1.2,13.9,34.7,grains
baby lima beans cooked,189,0.5,12,35,grains
cowpeas raw,41,0.3,3.1,8.9,grains
shellie beans canned,74,0.5,4.3,15.2,grains
yardlong beans raw,579,2.2,40.6,103.4,grains
pinto beans canned,197,1.3,11,36.4,grains
chickpeas cooked,269,4.2,14.5,45,grains
cranberry beans raw,653,2.4,44.9,117.1,grains
mungo beans cooked,189,1,13.6,33,grains
tamarinds,5,0.013,0.057,1.3,grains
yellow snap beans cooked,44,0.4,2.4,9.9,grains
yardlong beans cooked,202,0.8,14.2,36.1,grains
refried red beans,336,16.1,11.7,36,grains
baked beans,310,10.3,11.1,43.3,grains
barley raw,42,0.1,1.2,9.3,grains
rice bran,373,24.6,15.8,58.6,grains
rice wheat cereal bar,90,2,2,16,grains
crisped rice bar,113,3.8,1.4,20.4,grains
rice pilaf cooked,352,8.8,7,61.1,grains
wild rice cooked,166,0.6,6.5,35,grains
rice crisps,107,0.4,1.8,24.1,grains
rice cracker cake,111,1.2,2,23,grains
parboiled white rice cooked,194,0.6,4.6,41.2,grains
white rice steamed,199,0.4,4.2,44.7,grains
brown rice cake,35,0.3,0.7,7.3,grains
white rice pasta raw,600,4,15.3,122.8,grains
glutinous white rice cooked,169,0.3,3.5,36.7,grains
brown rice cooked,218,1.6,4.5,45.8,grains
beef flavored rice cooked,319,7.9,7,54.4,grains
white rice cooked,205,0.4,4.3,44.5,grains
chicken flavored rice cooked,317,8,6.2,54.8,grains
white rice raw,675,1.2,13.2,147.9,grains
wheat bran bread,89,1.2,3.2,17.2,grains
white bread,77,1,2.6,14.3,grains
oat bran bread,71,1.3,3.1,11.9,grains
whole wheat bread natures own,50,1,0,0,grains
high protein bread dr zaks,152,3,0,15.3,grains
wheat bread,79,1.3,3.1,13.8,grains
egg bread toasted,117,2.4,3.9,19.5,grains
banana bread,186,6,2.5,31.1,grains
rice bran bread,66,1.2,2.4,11.7,grains
white fibre wonder bread,95,1,3.5,18,grains
rye bread,83,1.1,2.7,15.5,grains
pita bread whole wheat,74,0.7,2.7,15.4,grains
raisin bread,88,1.4,2.5,16.7,grains
sports drink,26,0,0,7.2,drinks
smoothie high protein creamy chocolate slimfast,110,3.5,12,2.1,drinks
malt beverage,88,0.3,0.5,19.1,drinks
chocolate powder for milk,88,0.5,1,19.9,drinks
vegetable fruit juice,9,0.017,0.071,2.2,drinks
cocoa powder unsweetened,12,0.7,1.1,3.1,drinks
coconut milk,35,3.6,0.3,0.8,drinks
cocoa powder,28,0.3,0.5,5.9,drinks
rice drink,113,2.3,0.7,22,drinks
coconut water,46,0.5,1.7,8.9,drinks
coffee,2,0.069,0.3,0,drinks
espresso,3,0.086,0.021,0.5,drinks
energy drink sugar free red bull,13,0.2,0.6,1.8,drinks
powerade coca cola,9,0.009,0,2.3,drinks
amp energy pepsi,110,0.2,0.6,29,drinks
amp energy sugar free pepsi,5,0,0,2.5,drinks
energy drink red bull,111,0,1.2,26.4,drinks
powerade zero ion4 coca cola,0,0,0,0,drinks
full throttle coca cola,110,0.2,0.6,29,drinks
passion fruit juice purple,148,0.4,1.7,35.7,drinks
pomegranate juice,134,0.7,0.4,32.7,drinks
cranberry apricot juice,157,0,0.5,39.7,drinks
pineapple juice,133,0.3,0.9,32.2,drinks
passion fruit juice yellow,126,0.1,1,33.6,drinks
orange apricot juice,128,0.3,0.8,31.8,drinks
tangerine juice,106,0.5,1.2,24.9,drinks
orange juice,90,0.4,1.4,20.8,drinks
grapefruit juice,96,0.2,1.2,22.7,drinks
pineapple grapefruit juice,118,0.3,0.5,29,drinks
tamarind nectar,143,0.3,0.2,37,drinks
apple juice,114,0.3,0.2,28,drinks
limeade,128,0,0,34.1,drinks
guava nectar,158,0.2,0.2,40.8,drinks
orange grapefruit juice,106,0.2,1.5,25.4,drinks
orange juice sainsburys,14,0.088,0,0,drinks
cranberry apple juice,154,0.3,0,38.8,drinks
pineapple orange juice,125,0,3.3,29.5,drinks
pear nectar,150,0.062,0.3,39.4,drinks
blackberry juice,95,1.5,0.8,19.5,drinks
lemon juice,54,0.6,0.9,16.6,drinks
cranberry grape juice,137,0.2,0.5,34.3,drinks
citrus fruit juice,114,0.057,0.8,28.3,drinks
prune juice,182,0.006,1.6,44.7,drinks
guanabana nectar,148,0.4,0.3,37.5,drinks
fruit juice,108,0.1,0.3,26.3,drinks
horchata,15,0.2,0.1,3.3,drinks
fruit punch,98,0.4,0.2,24.4,drinks
apricot nectar,139,0.2,0.9,35.7,drinks
peach nectar,125,1.3,0.5,29.7,drinks
orange pineapple juice,15,0.08,0.1,3.6,drinks
cranberry juice,92,0.3,0.8,24.4,drinks
white grapefruit juice,96,0.2,1.2,22.7,drinks
mango nectar,128,0.2,0.3,32.9,drinks
acerola cherry juice,56,0.7,1,11.6,drinks
apple juice concentrate,350,0.8,1.1,86.5,drinks
papaya nectar,143,0.4,0.4,36.3,drinks
apple juice martinellis,122,0,0,0,drinks
lime juice,61,0.2,1,20.4,drinks
grape juice,152,0.3,0.9,37.4,drinks
water dannon,0,0,0,0,drinks
tap water,0,0,0,0,drinks
table water,0,0,0,0,drinks
fruit flavored water,52,0,0,13,drinks
water,0,0,0,0,drinks
cola light coca cola,0,0,0,0,drinks
lemon lime soda,151,0,0.3,38.4,drinks
tonic water,114,0,0,29.6,drinks
lemonade low calorie,7,0,0.092,1.6,drinks
ginger ale,68,0,0,17.5,drinks
ice tea lemon flavor nestle,88,0,0,22.3,drinks
sprite coca cola,80,0.063,0.1,20.3,drinks
cola coca cola,151,0,0,38.9,drinks
cola,74,0.07,0.1,19.1,drinks
cream soda,252,0,0,65.7,drinks
club soda,0,0,0,0,drinks
pink lemonade,86,0.3,0.1,21.6,drinks
grape soda,160,0,0,41.7,drinks
cola without caffeine coca cola,151,0,0,38.9,drinks
white lemonade,80,0.003,0.1,20.8,drinks
sweet tea lipton,130,0,0,35,drinks
hibiscus tea,74,1.3,0.9,14.8,drinks
instant lemon tea,2,0,0.1,0.3,drinks
pesca tea santal,116,0,0,0,drinks
instant lemon tea sweetened,91,0.2,0.071,22.3,drinks
tea with milk and sugar yorkshire,15,0.5,0,0.4,drinks
tea blueberry muffin tekanne,4,0.2,0,0.4,drinks
chamomile tea,2,0,0,0.4,drinks
black tea,2,0,0,0.7,drinks
herb tea,2,0,0,0.4,drinks
clam tomato juice,80,0.3,1,18.2,drinks
tomato juice,41,0.7,2.1,8.6,drinks
vegetable juice,53,0.2,1.5,11.1,drinks
tomato vegetable juice,53,0.2,1.5,11.1,drinks
carrot juice,80,0.3,1.9,18.6,drinks